name,year,1,2,3,4,5,6,7,8,9,out,10,11,12,13,14,15,16,17,18,in,tot,tourn_type,tourn_year
A1,12,7,4,4,4,5,4,5,6,6,45,6,5,5,5,7,4,5,4,5,46,91,sectionals,2011
A2,12,5,5,5,5,4,3,5,5,4,41,5,6,5,5,5,7,5,3,5,46,87,sectionals,2011
A3,12,7,5,6,6,5,6,5,5,4,49,6,6,6,4,7,6,7,4,5,52,101,sectionals,2011
A4,11,8,5,5,5,7,7,5,5,4,51,6,7,5,4,5,4,5,4,5,45,96,sectionals,2011
A5,11,14,4,5,4,3,6,7,4,4,51,6,6,11,9,7,8,5,5,7,64,115,sectionals,2011
A6,11,6,4,4,6,5,4,5,4,3,41,4,5,7,4,6,5,6,3,4,44,85,sectionals,2011
A7,11,7,4,4,5,5,4,7,5,6,47,5,7,9,4,7,4,4,3,4,47,94,sectionals,2011
A8,12,6,6,5,5,5,4,6,5,8,50,4,6,7,5,6,6,5,3,4,46,96,sectionals,2011
A9,9,7,7,7,5,6,4,5,4,4,49,10,6,9,5,5,6,5,4,7,57,106,sectionals,2011
A10,12,11,5,6,6,5,4,6,5,5,53,4,6,11,4,6,5,6,3,5,50,103,sectionals,2011
A11,11,7,6,5,4,4,5,4,5,3,43,5,5,7,6,5,5,4,4,3,44,87,sectionals,2011
A12,10,8,5,5,5,4,4,5,7,4,47,5,6,6,4,8,5,6,7,5,52,99,sectionals,2011
A13,12,6,5,5,6,7,4,8,5,6,52,7,6,5,4,6,5,5,4,6,48,100,sectionals,2011
A14,12,6,5,4,6,6,4,6,4,3,44,4,7,5,6,6,5,5,4,6,48,92,sectionals,2011
A15,11,8,7,5,7,7,7,7,5,4,57,5,7,7,5,5,7,6,4,6,52,109,sectionals,2011
A16,10,6,5,5,7,6,4,4,4,5,46,5,6,5,5,4,6,5,6,5,47,93,sectionals,2011
A17,10,7,7,5,7,7,5,7,5,5,55,4,6,7,7,6,6,8,2,5,51,106,sectionals,2011
A18,11,9,6,5,7,6,6,6,4,4,53,6,7,7,6,10,5,6,9,6,62,115,sectionals,2011
A19,12,8,4,5,7,6,3,4,6,3,46,6,7,7,5,6,7,4,5,6,53,99,sectionals,2011
A20,9,6,5,6,6,6,5,6,5,4,49,5,5,5,4,5,6,5,4,4,43,92,sectionals,2011
A21,12,6,4,4,4,5,4,4,6,5,42,6,5,6,4,5,5,4,4,6,45,87,sectionals,2011
A22,11,7,5,3,5,4,5,6,5,5,45,5,5,5,3,6,5,6,4,10,49,94,sectionals,2011
A23,11,5,6,7,5,5,4,5,5,4,46,7,7,5,6,7,5,5,5,6,53,99,sectionals,2011
A24,10,7,5,5,7,5,5,5,5,6,50,5,6,5,4,6,5,5,5,6,47,97,sectionals,2011
A25,10,6,5,5,5,5,4,6,6,3,45,5,7,5,4,6,5,5,5,5,47,92,sectionals,2011
A26,12,6,4,7,7,5,3,7,6,5,50,5,8,6,4,7,4,4,4,5,47,97,sectionals,2011
A27,12,5,5,4,5,4,4,5,4,5,41,5,5,6,3,6,6,5,4,4,44,85,sectionals,2011
A28,12,8,6,6,5,6,6,6,6,4,53,4,6,6,4,6,5,5,5,4,45,98,sectionals,2011
A29,9,6,5,3,6,6,3,7,6,5,47,5,5,4,4,5,5,5,6,8,47,94,sectionals,2011
A30,9,8,4,6,6,4,4,5,5,3,45,5,7,5,4,6,5,5,4,5,46,91,sectionals,2011
A31,11,6,5,5,5,5,4,4,6,4,44,5,4,7,4,5,6,4,4,5,44,88,sectionals,2011
A32,12,6,6,4,5,5,4,5,5,3,43,5,7,11,4,6,5,6,3,6,53,96,sectionals,2011
A33,10,7,6,6,6,5,4,7,4,5,50,4,7,7,5,8,7,6,5,5,54,104,sectionals,2011
A34,11,7,5,6,5,5,6,6,5,4,49,5,5,6,5,6,5,6,3,5,46,95,sectionals,2011
A35,11,9,7,7,5,5,4,6,6,6,55,6,6,6,4,7,6,7,6,6,54,109,sectionals,2011
A36,10,6,6,5,6,5,4,7,6,3,48,5,5,8,3,6,5,6,6,4,48,96,sectionals,2011
A37,12,6,6,4,5,6,3,6,6,3,45,6,6,5,4,10,6,5,3,6,51,96,sectionals,2011
A38,12,7,5,6,5,5,4,6,6,5,49,4,6,8,5,5,6,5,6,5,50,99,sectionals,2011
A39,10,8,6,5,6,5,4,6,6,4,50,4,7,7,5,5,6,6,4,6,50,100,sectionals,2011
A40,11,9,6,7,8,6,4,6,8,4,58,7,6,6,4,6,6,4,3,7,49,107,sectionals,2011
A41,12,5,6,7,5,5,5,6,5,4,48,5,6,8,4,5,5,4,3,5,45,93,sectionals,2011
A42,12,6,3,6,6,5,3,4,4,4,41,4,5,4,4,6,5,4,3,4,39,80,sectionals,2011
A43,12,7,4,7,5,5,4,5,4,4,45,5,6,5,4,6,6,5,4,5,46,91,sectionals,2011
A44,11,7,6,4,5,5,5,5,4,4,45,6,6,6,4,7,4,5,5,5,48,93,sectionals,2011
A45,12,5,5,4,6,6,4,5,4,4,43,5,5,5,6,5,5,5,6,5,47,90,sectionals,2011
A46,12,8,8,5,6,5,4,7,7,3,53,6,7,6,7,6,5,5,4,5,51,104,sectionals,2011
A47,12,5,6,4,5,4,3,5,3,5,40,6,5,6,4,5,5,6,5,5,47,87,sectionals,2011
A48,12,6,4,5,4,4,4,4,5,5,41,4,6,6,4,5,4,3,4,6,42,83,sectionals,2011
A49,12,10,5,6,6,4,4,6,4,5,50,4,6,5,4,5,7,5,3,5,44,94,sectionals,2011
A50,11,6,5,7,5,5,4,5,5,4,46,4,5,5,4,6,5,6,5,7,47,93,sectionals,2011
A51,12,7,5,6,7,5,5,8,5,5,53,4,8,9,4,5,5,4,4,6,49,102,sectionals,2011
A52,11,7,9,8,8,5,5,6,8,5,61,4,8,5,4,6,7,6,4,6,50,111,sectionals,2011
A53,11,5,4,7,8,5,5,6,7,4,51,7,5,5,4,6,6,5,5,5,48,99,sectionals,2011
A54,11,9,7,8,7,5,3,8,5,4,56,5,7,5,5,6,5,5,3,5,46,102,sectionals,2011
A55,9,10,6,7,6,7,5,9,5,5,60,6,7,6,8,7,5,7,6,6,58,118,sectionals,2011
A56,12,4,4,4,4,3,4,4,4,3,34,4,5,3,6,5,5,4,4,5,41,75,sectionals,2011
A57,11,5,5,4,5,6,5,6,4,4,44,7,8,10,8,6,6,5,4,5,59,103,sectionals,2011
A58,10,5,4,10,4,6,5,5,5,3,47,5,5,5,4,6,6,5,7,5,48,95,sectionals,2011
A59,10,8,6,5,3,7,4,5,5,5,48,5,6,6,4,9,6,5,4,5,50,98,sectionals,2011
A60,12,5,5,7,6,7,4,6,6,4,50,6,6,9,4,7,5,7,6,7,57,107,sectionals,2011
A61,12,6,5,4,5,4,4,4,4,3,39,5,5,4,4,5,5,4,6,4,42,81,sectionals,2011
A62,9,5,5,5,5,4,4,7,4,4,43,5,5,4,4,5,5,5,4,4,41,84,sectionals,2011
A63,11,7,5,4,6,5,3,6,5,3,44,5,6,5,3,6,4,5,3,5,42,86,sectionals,2011
A64,11,5,4,5,5,5,3,5,5,5,42,6,5,5,4,6,5,5,4,4,44,86,sectionals,2011
A65,12,6,4,5,6,5,3,5,5,4,43,6,5,4,2,6,7,5,5,5,45,88,sectionals,2011
A66,11,5,7,5,6,5,5,4,4,6,47,4,4,3,4,5,5,4,6,6,41,88,sectionals,2011
A67,12,6,7,5,4,5,5,4,5,4,45,6,5,5,5,7,5,4,3,4,44,89,sectionals,2011
A68,11,8,6,4,5,5,5,6,4,3,46,4,5,6,4,5,5,5,7,4,45,91,sectionals,2011
A69,11,6,6,5,5,5,4,6,6,4,47,5,6,6,4,6,6,5,4,6,48,95,sectionals,2011
A70,11,5,4,5,6,4,5,6,5,5,45,6,5,11,5,6,5,5,3,5,51,96,sectionals,2011
A71,11,6,5,6,6,5,5,7,5,4,49,7,7,7,5,6,5,5,6,6,54,103,sectionals,2011
A72,11,7,5,5,5,4,5,6,5,4,46,5,5,4,4,5,6,4,5,6,44,90,sectionals,2012
A73,12,6,5,6,6,4,3,6,6,3,45,6,8,5,5,7,5,5,3,6,50,95,sectionals,2012
A74,12,7,5,6,7,4,4,5,6,5,49,7,7,7,4,6,4,6,4,7,54,103,sectionals,2012
A75,10,7,6,6,6,5,5,6,6,5,52,5,6,7,4,6,5,4,5,5,47,99,sectionals,2012
A76,11,8,5,6,5,5,4,6,5,5,49,4,6,5,5,6,5,5,4,5,45,94,sectionals,2012
A77,12,10,5,5,5,7,6,9,6,3,56,5,7,7,2,7,7,7,4,6,52,108,sectionals,2012
A78,12,6,5,6,5,5,6,5,5,4,47,4,5,5,6,6,5,5,4,7,47,94,sectionals,2012
A79,12,6,5,7,6,5,4,6,6,4,49,7,6,9,7,6,6,5,5,5,56,105,sectionals,2012
A80,12,9,6,7,8,5,7,7,6,6,61,6,4,6,5,6,5,5,5,6,48,109,sectionals,2012
A81,10,11,8,8,6,6,5,6,7,4,61,6,8,6,5,9,6,7,5,6,58,119,sectionals,2012
A82,12,6,4,6,8,8,4,5,5,3,49,4,5,5,4,6,4,5,2,5,40,89,sectionals,2012
A83,12,6,6,6,5,4,4,4,7,4,46,4,7,5,2,6,6,6,5,5,46,92,sectionals,2012
A84,11,5,5,4,4,5,4,6,4,3,40,4,6,5,5,6,4,5,4,5,44,84,sectionals,2012
A85,11,4,6,5,6,4,6,5,4,3,43,5,6,4,6,5,5,4,4,5,44,87,sectionals,2012
A86,10,6,7,5,7,5,4,5,5,4,48,5,5,7,7,4,6,5,4,6,49,97,sectionals,2012
A87,11,5,6,6,6,5,4,4,5,3,44,5,7,8,4,7,6,5,5,6,53,97,sectionals,2012
A88,10,7,5,5,6,6,3,5,5,4,46,4,3,4,3,6,5,5,4,6,40,86,sectionals,2012
A89,10,8,4,4,6,5,4,4,5,3,43,6,6,5,4,5,4,4,5,6,45,88,sectionals,2012
A90,9,6,5,4,7,6,5,5,6,4,48,5,6,4,4,6,6,7,3,4,45,93,sectionals,2012
A91,10,7,6,6,6,5,3,7,6,4,50,5,6,5,3,8,7,7,5,7,53,103,sectionals,2012
A92,12,6,5,4,6,5,4,4,5,3,42,4,4,3,4,5,6,5,5,5,41,83,sectionals,2012
A93,11,7,4,6,6,5,4,5,6,4,47,4,5,5,4,5,5,5,4,4,41,88,sectionals,2012
A94,11,6,7,8,6,6,7,6,6,5,57,6,8,11,4,8,6,7,3,6,59,116,sectionals,2012
A95,12,9,6,7,8,5,5,7,8,5,60,7,8,5,4,8,7,7,4,7,57,117,sectionals,2012
A96,11,9,6,6,8,6,4,8,7,4,58,5,7,7,5,6,6,7,6,10,59,117,sectionals,2012
A97,12,6,5,5,7,5,5,6,5,3,47,5,5,4,4,6,5,5,4,5,43,90,sectionals,2012
A98,11,6,4,5,6,5,4,5,4,4,43,6,4,6,5,6,5,5,5,8,50,93,sectionals,2012
A99,10,5,5,7,6,5,4,5,5,4,46,4,5,6,4,6,5,5,6,6,47,93,sectionals,2012
A100,12,7,8,5,5,5,4,6,5,3,48,6,6,5,4,7,6,5,5,6,50,98,sectionals,2012
A101,10,6,6,5,6,4,5,5,5,3,45,7,6,4,3,6,4,5,5,5,45,90,sectionals,2012
A102,11,6,5,6,5,4,4,5,5,5,45,5,7,5,4,6,7,6,5,5,50,95,sectionals,2012
A103,12,6,5,5,6,5,4,7,6,5,49,5,5,11,4,6,5,5,4,6,51,100,sectionals,2012
A104,11,5,5,5,4,4,3,5,4,4,39,4,6,5,5,6,5,4,5,4,44,83,sectionals,2012
A105,11,8,7,6,5,6,3,9,6,5,55,5,7,4,4,7,5,5,5,5,47,102,sectionals,2012
A106,10,10,5,6,8,6,6,8,9,7,65,5,9,12,7,9,6,7,6,7,68,133,sectionals,2012
A107,11,8,3,5,5,5,4,5,5,5,45,4,6,6,5,6,5,4,5,4,45,90,sectionals,2012
A108,11,6,5,5,9,2,4,8,5,3,47,4,6,5,5,5,5,4,4,5,43,90,sectionals,2012
A109,11,7,6,5,5,5,3,6,5,3,45,5,5,7,4,6,5,5,4,4,45,90,sectionals,2012
A110,12,9,5,6,8,7,4,7,9,5,60,5,9,6,4,7,5,6,5,9,56,116,sectionals,2012
A111,12,6,6,7,7,6,4,7,5,6,54,7,8,7,5,7,5,6,6,7,58,112,sectionals,2012
A112,12,6,4,6,5,4,3,6,6,3,43,5,5,5,4,6,5,5,3,6,44,87,sectionals,2012
A113,11,7,6,5,5,5,5,6,4,5,48,5,5,6,3,5,5,6,5,5,45,93,sectionals,2012
A114,10,5,4,5,6,4,6,5,6,5,46,5,6,5,4,6,5,6,4,4,45,91,sectionals,2012
A115,9,9,4,5,6,5,4,5,6,4,48,6,5,6,4,5,5,4,3,4,42,90,sectionals,2012
A116,9,6,5,5,8,5,5,5,5,4,48,4,6,5,3,6,5,5,6,6,46,94,sectionals,2012
A117,12,8,4,5,4,5,5,3,4,4,42,4,5,4,3,6,4,4,4,5,39,81,sectionals,2012
A118,9,6,5,8,5,4,4,7,6,6,51,6,7,6,4,6,6,5,4,5,49,100,sectionals,2012
A119,9,6,7,6,6,6,5,5,4,3,48,5,6,4,4,7,6,5,5,4,46,94,sectionals,2012
A120,10,7,5,5,4,4,2,5,5,4,41,4,5,7,5,5,5,5,4,6,46,87,sectionals,2012
A121,11,6,5,7,6,4,5,5,5,3,46,4,9,8,4,5,5,5,6,5,51,97,sectionals,2012
A122,12,7,5,5,6,6,5,7,5,4,50,4,6,3,4,6,5,5,4,6,43,93,sectionals,2012
A123,12,6,5,4,5,5,5,5,6,3,44,5,6,3,3,6,5,5,4,5,42,86,sectionals,2012
A124,9,8,5,7,6,5,4,8,5,5,53,4,7,9,3,5,6,6,6,6,52,105,sectionals,2012
A125,11,4,6,6,6,5,6,5,4,4,46,5,6,5,5,6,5,6,5,5,48,94,sectionals,2012
A126,9,7,5,7,5,5,4,5,5,4,47,6,7,7,8,5,6,5,6,5,55,102,sectionals,2012
A127,12,6,6,5,5,5,3,4,4,4,42,4,5,5,4,7,5,4,3,5,42,84,sectionals,2012
A128,12,6,4,5,5,4,4,4,6,3,41,4,6,7,3,6,4,4,7,5,46,87,sectionals,2012
A129,10,7,5,5,6,5,8,5,5,3,49,6,7,5,6,6,5,5,4,5,49,98,sectionals,2012
A130,9,6,6,6,5,5,4,5,5,3,45,4,5,5,4,6,5,5,3,6,43,88,sectionals,2012
A131,9,4,5,6,7,6,5,9,5,5,52,6,6,7,6,6,7,5,5,8,56,108,sectionals,2012
A132,12,5,5,5,4,4,4,4,5,3,39,4,5,4,4,6,4,5,6,5,43,82,sectionals,2012
A133,12,5,5,4,5,5,4,5,5,3,41,5,5,7,4,6,5,5,3,4,44,85,sectionals,2012
A134,12,6,5,4,4,5,4,5,8,4,45,4,6,5,4,5,5,4,5,7,45,90,sectionals,2012
A135,9,6,6,4,7,3,4,5,5,3,43,7,6,6,4,6,8,4,3,5,49,92,sectionals,2012
A136,12,5,6,6,5,7,5,6,5,3,48,6,6,6,4,5,5,5,3,6,46,94,sectionals,2012
A137,12,8,5,5,7,5,3,6,5,3,47,5,5,5,4,6,5,8,3,6,47,94,sectionals,2012
A138,12,6,6,7,5,4,7,6,5,3,49,4,7,6,4,8,5,5,3,6,48,97,sectionals,2012
A139,12,9,5,6,7,6,3,7,7,4,54,4,5,8,4,6,5,6,4,5,47,101,sectionals,2012
A140,11,6,5,6,7,5,4,7,6,5,51,6,5,9,4,6,5,5,5,6,51,102,sectionals,2012
A141,10,5,6,6,8,6,4,5,7,6,53,5,7,8,4,9,5,5,3,4,50,103,sectionals,2012
A142,10,10,6,4,7,5,4,6,6,5,53,6,6,6,4,8,4,6,6,7,53,106,sectionals,2012
A143,11,10,6,9,5,4,7,8,8,7,64,6,7,9,8,7,9,7,7,11,71,135,sectionals,2012
A144,12,6,4,6,4,4,4,4,4,3,39,4,6,4,3,5,4,4,4,5,39,78,regionals,2013
A145,12,5,6,5,5,4,3,7,5,3,43,5,4,5,4,6,6,5,4,5,44,87,regionals,2013
A146,12,6,4,4,5,6,3,5,4,4,41,6,6,6,3,5,5,7,5,3,44,85,regionals,2013
A147,10,8,5,5,6,6,4,6,6,5,51,7,7,7,5,8,5,6,5,5,55,106,regionals,2013
A148,9,7,4,5,5,6,5,7,5,5,49,6,6,7,5,8,6,6,4,6,54,103,regionals,2013
A149,11,6,5,6,8,5,4,5,6,4,49,10,7,7,5,6,6,5,4,5,55,104,regionals,2013
A150,9,7,6,7,7,6,6,7,4,5,55,4,7,7,5,6,8,6,6,6,55,110,regionals,2013
A151,11,8,5,6,5,4,5,6,6,4,49,8,7,8,4,6,5,4,5,5,52,101,regionals,2013
A152,10,9,5,6,6,6,4,6,5,4,51,8,7,7,4,6,6,6,5,5,54,105,regionals,2013
A153,10,7,6,9,6,7,4,9,5,5,58,5,8,8,4,8,8,8,6,6,61,119,regionals,2013
A154,12,5,3,4,5,4,2,4,4,3,34,5,5,4,4,4,4,4,4,3,37,71,regionals,2013
A155,11,6,5,4,4,4,3,5,3,4,38,5,5,5,4,5,5,5,4,5,43,81,regionals,2013
A156,12,8,5,5,4,5,4,4,4,4,43,7,4,6,5,5,4,5,4,4,44,87,regionals,2013
A157,11,5,5,4,6,6,4,6,4,2,42,5,5,6,4,5,5,4,3,4,41,83,regionals,2013
A158,11,5,4,3,6,9,4,4,4,4,43,7,6,5,4,7,6,5,3,4,47,90,regionals,2013
A159,10,6,4,7,3,6,4,5,5,3,43,4,5,5,5,7,6,7,6,4,49,92,regionals,2013
A160,12,6,6,5,5,6,4,6,6,4,48,6,8,4,6,7,4,5,6,4,50,98,regionals,2013
A161,9,6,4,5,5,5,4,4,4,4,41,4,5,6,5,6,4,4,5,4,43,84,regionals,2013
A162,10,6,6,6,6,5,6,7,5,5,52,5,6,5,5,6,5,5,5,5,47,99,regionals,2013
A163,11,7,7,8,7,5,5,6,5,5,55,6,7,8,6,6,9,6,6,9,63,118,regionals,2013
A164,9,6,5,6,4,5,5,6,5,3,45,5,5,6,4,5,6,5,4,5,45,90,regionals,2013
A165,12,6,5,4,4,4,6,5,5,4,43,5,5,5,5,6,5,5,9,5,50,93,regionals,2013
A166,10,7,5,4,5,6,4,5,6,5,47,6,5,7,5,5,6,6,4,5,49,96,regionals,2013
A167,11,9,5,5,6,5,4,7,5,4,50,5,6,7,4,7,6,6,3,8,52,102,regionals,2013
A168,12,8,6,5,7,5,5,5,4,4,49,6,6,7,5,7,5,6,6,7,55,104,regionals,2013
A169,12,6,7,4,7,4,4,6,4,3,45,6,6,5,6,5,5,5,3,5,46,91,regionals,2013
A170,11,7,5,4,6,6,4,5,3,3,43,6,6,6,4,6,6,5,4,8,51,94,regionals,2013
A171,11,6,7,4,4,5,4,4,4,5,43,4,6,4,4,5,5,3,4,5,40,83,regionals,2013
A172,10,6,5,7,5,4,6,4,4,4,45,6,6,6,4,6,5,6,4,6,49,94,regionals,2013
A173,9,7,6,5,6,5,4,4,6,4,47,5,5,5,3,6,4,4,2,7,41,88,regionals,2013
A174,11,5,4,4,5,4,4,4,3,3,36,5,5,4,3,4,3,4,3,4,35,71,regionals,2013
A175,11,5,4,3,4,3,3,3,4,3,32,5,5,4,3,6,5,5,2,4,39,71,regionals,2013
A176,11,6,4,5,6,4,3,5,4,4,41,5,5,4,4,4,4,6,2,5,39,80,regionals,2013
A177,11,6,5,4,6,4,3,7,4,3,42,4,6,6,5,7,6,6,4,7,51,93,regionals,2013
A178,11,6,6,4,6,5,5,7,7,4,50,6,6,7,4,5,6,4,4,5,47,97,regionals,2013
A179,11,6,5,6,3,4,3,5,4,3,39,5,7,5,4,6,6,5,3,6,47,86,regionals,2013
A180,10,5,5,5,4,4,4,4,4,3,38,6,7,6,4,7,5,5,3,5,48,86,regionals,2013
A181,10,10,4,5,5,5,5,5,4,3,46,8,7,7,3,7,6,4,3,4,49,95,regionals,2013
A182,12,8,7,4,5,5,4,3,4,4,44,5,6,6,4,6,6,5,9,5,52,96,regionals,2013
A183,10,7,4,7,6,4,5,4,5,5,47,4,5,5,4,6,6,4,6,4,44,91,regionals,2013
A184,12,8,6,6,8,5,4,4,5,3,49,6,8,7,4,5,6,5,5,6,52,101,regionals,2013
A185,12,6,4,5,8,7,4,5,6,3,48,5,7,4,13,6,5,6,3,5,54,102,regionals,2013
A186,12,6,6,8,4,6,4,6,4,4,48,7,6,7,5,6,5,6,3,5,50,98,regionals,2013
A187,10,6,5,5,7,5,5,8,4,4,49,6,6,5,4,7,5,5,6,6,50,99,regionals,2013
A188,11,7,4,5,5,6,3,6,7,5,48,5,6,6,5,6,5,6,4,6,49,97,regionals,2013
A189,11,7,5,7,6,6,6,5,5,4,51,5,6,8,4,8,6,6,4,6,53,104,regionals,2013
A190,11,6,6,4,4,5,4,4,6,4,43,7,7,6,5,6,5,5,4,6,51,94,regionals,2013
A191,11,11,8,10,5,6,7,9,6,4,66,6,8,7,6,7,6,8,4,5,57,123,regionals,2013
A192,9,7,7,4,6,8,6,6,10,6,60,7,6,8,4,6,5,5,5,8,54,114,regionals,2013
A193,9,6,6,5,7,6,5,7,6,5,53,5,9,6,5,8,8,7,7,7,62,115,regionals,2013
A194,11,6,4,5,5,5,3,3,6,3,40,8,6,5,4,6,5,6,6,4,50,90,regionals,2014
A195,12,7,5,7,7,5,4,7,7,5,54,6,7,6,5,6,5,6,4,7,52,106,regionals,2014
A196,12,6,6,6,8,5,3,4,7,5,50,5,5,5,4,7,5,8,4,8,54,104,regionals,2014
A197,11,8,4,4,7,6,5,8,7,3,52,6,7,6,6,7,7,5,3,6,53,105,regionals,2014
A198,9,6,6,6,7,6,5,7,7,6,56,6,7,4,6,7,6,6,5,4,51,107,regionals,2014
A199,12,8,6,5,7,4,5,8,7,5,55,6,7,7,5,7,6,5,4,8,55,110,regionals,2014
A200,12,8,4,6,9,8,5,10,7,4,61,8,7,6,4,8,6,7,4,5,55,116,regionals,2014
A201,9,7,5,6,7,5,5,8,5,3,51,5,6,7,4,8,7,7,5,5,54,105,regionals,2014
A202,10,6,6,5,6,5,3,6,5,5,47,6,9,6,6,8,5,6,6,6,58,105,regionals,2014
A203,10,9,7,8,6,6,5,6,6,5,58,7,6,7,5,7,6,5,3,5,51,109,regionals,2014
A204,10,5,4,5,5,4,4,5,4,5,41,5,6,7,3,6,5,5,4,5,46,87,regionals,2014
A205,12,6,6,4,3,5,2,4,4,3,37,6,6,5,5,6,5,6,3,5,47,84,regionals,2014
A206,12,6,4,5,6,5,3,5,5,4,43,7,8,11,5,7,4,5,3,5,55,98,regionals,2014
A207,10,7,8,5,8,6,4,6,6,4,54,6,6,7,3,4,5,4,5,8,48,102,regionals,2014
A208,9,6,6,5,6,7,5,9,7,4,55,8,9,7,4,7,5,6,5,5,56,111,regionals,2014
A209,11,7,7,5,5,6,3,6,4,6,49,5,6,5,4,7,4,6,4,4,45,94,regionals,2014
A210,11,7,5,5,8,6,4,6,5,5,51,8,6,6,5,7,6,5,5,7,55,106,regionals,2014
A211,9,7,8,6,7,5,5,5,5,7,55,7,8,7,3,11,6,7,5,8,62,117,regionals,2014
A212,12,8,6,7,6,8,5,8,6,4,58,6,7,9,8,8,9,6,5,6,64,122,regionals,2014
A213,10,5,4,5,4,5,3,5,4,3,38,4,5,6,2,6,5,5,3,4,40,78,regionals,2014
A214,11,5,5,5,4,5,2,5,5,4,40,5,5,7,4,6,4,5,4,4,44,84,regionals,2014
A215,12,5,5,7,5,5,4,5,7,5,48,7,5,7,4,6,5,6,6,5,51,99,regionals,2014
A216,11,8,5,5,7,5,3,5,4,3,45,6,9,6,4,8,5,6,6,5,55,100,regionals,2014
A217,10,6,7,5,8,5,5,5,5,3,49,5,6,5,4,7,5,7,4,5,48,97,regionals,2014
A218,11,4,7,5,6,4,5,5,5,4,45,6,6,5,5,8,5,4,3,3,45,90,regionals,2014
A219,11,6,6,6,6,9,5,8,8,5,59,15,9,6,5,8,7,7,5,6,68,127,regionals,2014
A220,11,7,5,9,9,5,5,9,9,7,65,8,11,9,10,9,5,7,5,7,71,136,regionals,2014
A221,9,10,6,6,9,8,4,8,8,5,64,8,8,6,6,7,7,7,4,6,59,123,regionals,2014
A222,10,5,5,6,5,5,3,8,4,3,44,4,6,4,3,6,4,4,6,4,41,85,regionals,2014
A223,12,5,6,5,4,5,4,5,5,4,43,5,6,6,3,5,4,6,3,4,42,85,regionals,2014
A224,12,8,4,5,6,6,3,5,5,4,46,4,5,5,2,6,4,5,4,4,39,85,regionals,2014
A225,11,5,4,4,5,5,4,6,5,4,42,5,6,5,3,6,6,6,4,4,45,87,regionals,2014
A226,9,5,4,4,6,4,6,6,4,4,43,5,5,5,4,7,5,5,4,6,46,89,regionals,2014
A227,11,7,5,5,7,6,4,4,4,5,47,4,4,5,5,6,6,5,4,7,46,93,regionals,2014
A228,12,6,7,7,10,4,3,5,4,5,51,4,6,5,4,7,4,3,7,5,45,96,regionals,2014
A229,11,6,4,5,7,6,4,6,4,4,46,8,10,5,6,8,6,5,5,6,59,105,regionals,2014
A230,12,6,5,5,5,4,4,4,7,3,43,5,6,6,3,6,6,5,4,4,45,88,regionals,2014
A231,12,5,5,6,5,5,4,4,4,4,42,8,6,4,2,7,5,4,4,4,44,86,regionals,2014
A232,11,6,6,4,6,4,2,5,4,4,41,5,5,5,4,5,5,4,3,6,42,83,regionals,2014
A233,12,8,6,7,8,5,4,7,6,5,56,5,6,6,5,7,6,5,5,5,50,106,regionals,2014
A234,10,7,7,7,6,4,3,7,5,5,51,6,6,6,5,7,7,5,5,5,52,103,regionals,2014
A235,11,10,4,6,7,7,4,15,7,7,67,7,12,9,3,8,6,8,9,8,70,137,regionals,2014
A236,12,7,6,7,8,7,4,6,6,4,55,5,7,7,6,9,8,7,3,7,59,114,regionals,2014
A237,12,5,4,4,4,5,4,4,4,3,37,4,4,5,4,5,5,4,4,5,40,77,regionals,2014
A238,10,5,5,5,5,3,4,4,5,3,39,4,6,5,4,6,6,5,3,4,43,82,regionals,2014
A239,11,10,4,8,8,7,3,5,6,6,57,6,7,6,6,8,8,5,6,7,59,116,regionals,2014
A240,9,5,5,5,7,6,7,4,5,4,48,6,7,5,3,5,5,5,5,6,47,95,regionals,2014
A241,11,7,7,5,8,5,5,6,6,6,55,9,8,9,4,10,9,7,3,7,66,121,regionals,2014
A242,12,7,4,4,4,4,5,6,6,4,44,6,6,5,4,5,5,4,4,5,44,88,sectionals,2015
A243,12,5,7,5,5,5,5,5,4,3,44,6,6,7,4,7,5,4,3,7,49,93,sectionals,2015
A244,12,7,5,6,9,6,4,5,5,4,51,6,7,7,4,6,5,6,5,4,50,101,sectionals,2015
A245,9,6,5,6,8,8,5,6,6,8,58,7,8,9,6,6,7,6,8,8,65,123,sectionals,2015
A246,11,7,7,5,7,6,5,9,7,6,59,8,9,6,5,9,7,7,5,6,62,121,sectionals,2015
A247,10,6,5,5,3,5,3,5,4,2,38,5,5,6,3,5,5,5,4,3,41,79,sectionals,2015
A248,9,5,6,4,5,4,3,5,6,4,42,4,5,7,5,5,4,5,4,4,43,85,sectionals,2015
A249,9,7,5,5,5,7,6,6,5,4,50,7,6,5,4,5,6,6,4,5,48,98,sectionals,2015
A250,10,6,5,6,7,7,3,9,4,5,52,6,7,6,4,8,6,7,5,6,55,107,sectionals,2015
A251,9,7,7,8,8,7,4,6,5,6,58,5,7,6,4,6,8,5,4,6,51,109,sectionals,2015
A252,11,6,7,5,7,5,6,6,7,5,54,8,6,7,4,7,6,5,5,7,55,109,sectionals,2015
A253,11,7,5,5,6,5,5,5,4,5,47,4,7,6,3,6,6,6,5,6,49,96,sectionals,2015
A254,11,7,6,6,6,5,5,6,5,5,51,8,9,5,4,8,5,5,5,7,56,107,sectionals,2015
A255,10,6,7,6,5,4,6,7,6,6,53,5,5,6,5,6,5,5,4,7,48,101,sectionals,2015
A256,12,7,5,5,6,6,4,6,6,5,50,5,8,7,5,7,8,5,5,6,56,106,sectionals,2015
A257,12,5,5,4,5,5,3,5,6,3,41,7,5,4,3,5,4,5,4,4,41,82,sectionals,2015
A258,12,7,5,6,6,5,4,7,5,4,49,5,6,6,3,6,7,5,5,6,49,98,sectionals,2015
A259,12,8,4,5,5,5,4,6,6,3,46,6,8,7,4,6,5,4,4,5,49,95,sectionals,2015
A260,11,5,6,6,6,5,5,9,4,4,50,7,6,9,4,8,5,5,6,6,56,106,sectionals,2015
A261,12,7,7,6,5,7,5,6,5,4,52,5,6,5,6,7,4,6,3,6,48,100,sectionals,2015
A262,11,6,4,5,5,4,3,4,4,3,38,3,6,5,4,6,4,4,3,8,43,81,sectionals,2015
A263,12,6,5,6,5,5,4,4,4,4,43,7,7,6,4,6,5,5,3,6,49,92,sectionals,2015
A264,12,6,4,4,5,4,4,5,4,4,40,5,5,6,4,5,6,5,4,5,45,85,sectionals,2015
A265,11,6,5,5,7,5,4,5,5,5,47,6,5,7,5,6,5,5,3,7,49,96,sectionals,2015
A266,9,6,6,5,6,7,3,6,5,5,49,6,5,5,4,7,6,6,4,3,46,95,sectionals,2015
A267,12,7,5,7,6,6,8,7,4,4,54,6,8,4,4,5,5,7,6,5,50,104,sectionals,2015
A268,9,5,5,5,7,5,5,4,4,3,43,5,6,5,4,5,4,5,3,4,41,84,sectionals,2015
A269,11,5,4,7,6,5,5,8,5,4,49,5,5,7,4,5,8,4,4,4,46,95,sectionals,2015
A270,11,13,5,6,6,5,5,5,6,6,57,6,6,6,5,6,9,5,3,8,54,111,sectionals,2015
A271,11,5,5,6,9,5,4,6,5,3,48,5,7,5,4,6,4,5,5,6,47,95,sectionals,2015
A272,9,5,4,4,5,4,2,4,5,2,35,4,5,5,3,5,6,4,3,4,39,74,sectionals,2015
A273,11,6,5,4,4,4,3,5,4,3,38,5,5,4,3,5,5,4,3,4,38,76,sectionals,2015
A274,12,8,4,4,7,5,4,7,5,4,48,6,5,9,4,8,4,6,5,4,51,99,sectionals,2015
A275,9,5,5,3,5,5,3,5,4,3,38,5,6,5,4,5,6,4,3,5,43,81,sectionals,2015
A276,11,7,5,3,3,6,4,8,8,4,48,5,6,5,3,7,4,6,5,6,47,95,sectionals,2015
A277,11,5,4,4,4,4,3,4,4,4,36,3,4,4,3,4,4,4,3,3,32,68,sectionals,2015
A278,12,5,4,4,5,4,4,5,5,4,40,5,5,6,5,6,5,4,3,6,45,85,sectionals,2015
A279,11,6,4,5,6,5,4,5,4,3,42,5,5,5,6,5,4,4,3,5,42,84,sectionals,2015
A280,11,6,5,5,5,4,4,5,4,5,43,4,5,5,4,6,4,4,3,5,40,83,sectionals,2015
A281,11,7,4,10,7,6,6,8,7,7,62,6,7,7,3,8,6,6,8,6,57,119,sectionals,2015
A282,12,6,3,5,4,4,4,5,4,3,38,5,4,5,3,4,6,4,3,4,38,76,sectionals,2015
A283,12,5,5,4,5,4,4,5,5,3,40,4,6,6,4,5,5,5,3,5,43,83,sectionals,2015
A284,9,7,5,5,6,6,3,5,5,4,46,5,5,7,5,7,5,4,4,5,47,93,sectionals,2015
A285,12,7,7,4,6,5,4,7,6,4,50,5,8,7,3,7,6,7,5,5,53,103,sectionals,2015
A286,12,9,5,5,4,5,5,6,5,4,48,5,8,6,6,7,7,4,5,6,54,102,sectionals,2015
A287,12,7,5,3,4,4,4,5,4,3,39,4,5,5,3,5,4,4,3,5,38,77,sectionals,2015
A288,11,5,4,5,5,5,5,5,5,4,43,5,4,4,4,6,5,5,5,4,42,85,sectionals,2015
A289,11,8,4,5,4,5,4,5,4,2,41,5,5,6,4,6,4,5,6,4,45,86,sectionals,2015
A290,12,6,5,4,5,5,3,6,7,4,45,6,7,7,3,6,6,5,4,5,49,94,sectionals,2015
A291,10,5,5,6,5,4,4,7,4,4,44,4,4,4,4,5,4,5,3,4,37,81,sectionals,2015
A292,10,5,4,4,5,4,5,6,4,4,41,5,4,6,5,5,6,4,3,6,44,85,sectionals,2015
A293,12,8,5,4,5,6,4,5,4,4,45,4,7,7,4,7,6,5,3,6,49,94,sectionals,2015
A294,11,8,7,7,6,6,4,4,5,4,51,7,4,8,3,5,5,4,3,6,45,96,sectionals,2015
A295,10,7,7,6,6,5,4,4,4,3,46,5,6,6,4,6,7,5,4,6,49,95,sectionals,2015
A296,12,6,5,6,4,4,3,5,5,4,42,4,7,5,4,5,5,4,3,5,42,84,sectionals,2015
A297,10,9,6,7,7,8,3,7,4,5,56,7,5,7,4,5,5,5,4,7,49,105,sectionals,2015
A298,12,6,5,5,5,5,4,6,5,3,44,4,6,6,4,6,5,4,3,3,41,85,sectionals,2015
A299,12,7,6,5,6,5,6,7,8,4,54,7,6,5,4,8,5,6,3,6,50,104,sectionals,2015
A300,11,9,4,7,7,8,5,5,6,3,54,6,6,6,4,5,7,7,4,8,53,107,sectionals,2015
A301,12,4,5,6,5,4,3,6,4,3,40,5,4,4,3,5,5,4,3,4,37,77,sectionals,2015
A302,12,5,4,4,4,5,5,6,5,3,41,4,4,5,4,5,6,6,3,6,37,78,sectionals,2015
A303,11,5,4,5,5,5,4,5,5,3,41,5,5,4,4,5,5,4,3,4,39,80,sectionals,2015
A304,11,7,4,4,4,4,4,4,5,4,40,4,6,6,4,5,5,3,4,7,44,84,sectionals,2015
A305,12,7,4,4,4,5,4,4,6,6,44,4,6,5,4,6,6,4,3,5,43,87,sectionals,2015
A306,12,7,5,6,4,5,3,4,6,3,43,5,4,5,4,5,6,6,3,6,44,87,sectionals,2015
A307,12,5,5,5,5,5,4,4,5,3,41,5,5,5,8,5,5,6,5,4,48,89,sectionals,2015
A308,11,6,4,5,5,4,3,5,5,4,41,5,7,5,6,6,6,4,3,7,49,90,sectionals,2015
A309,11,6,4,5,7,5,3,6,4,4,44,6,6,7,5,5,5,5,4,4,47,91,sectionals,2015
A310,12,6,5,4,6,5,4,6,9,5,50,5,5,5,5,4,4,5,6,4,43,93,sectionals,2015
A311,10,5,6,5,6,6,6,6,4,5,49,8,8,7,4,5,6,5,6,5,54,103,sectionals,2015
A312,11,9,4,7,9,7,5,8,7,5,61,6,9,8,4,7,5,5,8,8,60,121,sectionals,2015
A313,12,5,4,4,5,4,4,5,4,4,39,5,5,5,6,5,3,5,3,4,41,80,sectionals,2016
A314,9,6,5,4,5,4,5,6,5,3,43,5,5,5,4,5,5,5,3,4,41,84,sectionals,2016
A315,9,6,6,5,5,6,5,5,5,4,47,6,8,7,4,6,6,6,3,4,50,97,sectionals,2016
A316,11,9,8,7,7,7,6,9,5,6,64,6,7,7,5,7,5,6,3,6,52,116,sectionals,2016
A317,12,10,7,6,7,6,6,6,5,4,57,8,5,6,6,7,8,7,4,8,59,116,sectionals,2016
A318,12,6,8,6,7,4,5,5,5,4,50,5,6,6,3,6,6,7,4,3,46,96,sectionals,2016
A319,10,7,5,5,5,5,5,4,3,3,42,5,5,4,4,6,6,4,4,5,43,85,sectionals,2016
A320,11,9,5,5,6,4,3,6,5,4,47,5,5,5,4,6,5,5,3,6,44,91,sectionals,2016
A321,9,7,5,5,6,4,5,10,8,3,53,5,5,6,4,6,5,6,4,6,47,100,sectionals,2016
A322,10,7,5,5,5,6,6,5,5,5,49,7,8,7,5,8,5,7,4,5,56,105,sectionals,2016
A323,10,5,4,4,5,6,4,3,4,4,39,4,4,5,4,6,6,6,3,4,42,81,sectionals,2016
A324,11,8,5,5,8,7,5,7,6,5,56,6,6,9,4,6,6,6,4,7,54,110,sectionals,2016
A325,10,9,6,8,8,7,5,6,5,4,58,6,8,7,5,7,7,6,6,7,59,117,sectionals,2016
A326,9,6,8,8,11,7,4,9,11,5,69,7,9,7,6,9,5,10,7,6,66,135,sectionals,2016
A327,9,9,4,5,7,5,4,5,4,4,47,4,6,6,5,5,5,7,4,7,49,96,sectionals,2016
A328,10,6,5,6,4,5,3,5,5,4,43,6,5,3,5,6,5,4,5,4,43,86,sectionals,2016
A329,10,5,6,4,6,4,6,8,4,4,47,5,5,5,4,6,5,6,6,6,48,95,sectionals,2016
A330,9,6,5,5,5,6,4,6,5,4,46,7,6,7,5,6,5,6,5,6,53,99,sectionals,2016
A331,10,7,5,5,5,4,3,6,4,4,43,6,8,5,3,5,6,5,5,7,50,93,sectionals,2016
A332,11,4,4,5,4,3,4,5,5,3,37,4,5,4,2,4,4,5,3,5,36,73,sectionals,2016
A333,10,10,5,4,5,5,4,6,4,4,47,5,5,4,4,5,5,4,4,5,41,88,sectionals,2016
A334,9,6,3,4,6,4,3,5,5,4,40,5,6,5,4,6,7,6,5,4,48,88,sectionals,2016
A335,11,6,5,4,5,5,6,3,5,4,43,6,5,4,4,6,6,5,7,6,49,92,sectionals,2016
A336,10,7,8,4,6,8,4,5,4,6,52,5,6,8,4,7,6,5,6,7,54,106,sectionals,2016
A337,10,5,5,4,4,4,6,5,4,4,41,3,4,4,6,5,8,4,4,5,43,84,sectionals,2016
A338,12,5,5,5,8,6,4,6,8,4,51,5,5,4,3,6,4,3,5,7,42,93,sectionals,2016
A339,12,8,5,5,7,5,4,6,4,5,49,6,6,6,4,6,4,5,5,5,47,96,sectionals,2016
A340,12,7,6,6,5,6,5,6,5,4,50,5,7,7,3,6,6,6,5,5,50,100,sectionals,2016
A341,12,7,7,6,6,7,3,6,5,4,51,6,7,6,5,8,6,6,6,6,56,107,sectionals,2016
A342,12,6,5,4,6,4,5,5,4,3,42,5,5,6,4,5,5,4,5,5,44,86,sectionals,2016
A343,12,7,5,7,4,4,4,4,4,3,42,4,5,5,4,5,4,4,3,6,40,82,sectionals,2016
A344,10,6,5,4,5,4,5,5,5,5,44,5,6,5,4,5,6,4,7,5,47,91,sectionals,2016
A345,12,5,8,12,6,5,3,5,6,5,55,5,5,6,4,6,6,6,5,8,51,106,sectionals,2016
A346,12,6,4,5,6,4,4,5,5,3,42,6,7,5,4,6,5,5,6,5,49,91,sectionals,2016
A347,12,5,7,4,5,4,4,5,4,3,41,4,6,5,4,5,4,5,5,4,42,83,sectionals,2016
A348,12,4,7,5,6,5,3,6,4,4,44,5,7,6,4,6,5,6,6,7,52,96,sectionals,2016
A349,10,5,5,6,7,5,6,4,5,3,46,5,4,5,4,8,4,4,4,7,45,91,sectionals,2016
A350,12,6,5,4,6,5,5,6,5,5,47,5,6,6,4,5,5,6,4,6,47,94,sectionals,2016
A351,12,7,7,5,6,7,7,6,5,5,55,6,6,6,5,7,4,6,5,4,49,104,sectionals,2016
A352,12,7,4,6,6,4,3,6,6,3,45,4,6,6,4,5,4,5,3,5,42,87,sectionals,2016
A353,12,6,7,6,7,4,4,5,5,4,48,7,7,9,5,5,6,5,4,4,52,100,sectionals,2016
A354,12,5,4,5,5,4,4,4,4,3,38,7,6,4,5,8,6,5,5,7,53,91,sectionals,2016
A355,11,7,4,4,4,4,4,5,5,5,42,7,6,6,4,6,5,5,4,7,50,92,sectionals,2016
A356,9,7,6,6,10,8,6,5,5,7,60,9,7,6,4,9,7,6,6,5,59,119,sectionals,2016
A357,10,5,4,5,4,4,4,6,4,3,39,4,4,5,3,4,4,4,3,4,35,74,sectionals,2016
A358,12,5,3,4,5,5,3,5,4,4,38,4,4,6,4,5,4,5,4,7,43,81,sectionals,2016
A359,11,7,6,6,5,4,4,7,6,3,48,5,5,6,5,6,5,4,2,4,42,90,sectionals,2016
A360,10,6,6,6,8,7,7,5,5,5,55,6,6,6,3,6,6,5,4,5,47,102,sectionals,2016
A361,12,6,5,5,5,4,3,4,5,3,40,4,5,6,4,6,4,5,3,4,41,81,sectionals,2016
A362,11,5,5,3,4,4,3,5,4,4,37,5,5,6,4,5,4,4,6,6,45,82,sectionals,2016
A363,11,5,4,4,4,3,4,4,5,3,36,4,5,4,5,5,6,4,5,5,43,79,sectionals,2016
A364,12,7,4,4,6,4,5,5,4,4,43,5,7,6,4,5,5,4,3,5,44,87,sectionals,2016
A365,11,8,4,5,7,6,4,5,5,4,48,4,6,9,4,6,6,4,3,6,48,96,sectionals,2016
A366,11,7,4,6,5,5,5,6,5,4,47,5,6,7,6,6,6,6,5,5,52,99,sectionals,2016
A367,10,7,5,7,7,6,4,8,4,5,53,6,6,5,3,8,6,5,4,5,48,101,sectionals,2016
A368,9,7,5,5,5,4,4,7,6,4,47,4,7,6,4,6,6,5,5,5,48,95,sectionals,2016
A369,11,9,6,4,5,5,4,7,5,4,49,6,6,5,4,6,6,6,5,9,53,102,sectionals,2016
A370,11,7,5,6,5,6,4,8,5,4,50,6,5,5,5,8,9,6,5,6,55,105,sectionals,2016
A371,11,10,6,6,8,5,7,7,11,6,66,6,8,6,5,9,6,8,7,6,61,127,sectionals,2016
A372,11,5,4,3,6,7,4,5,4,4,42,5,4,4,3,5,6,5,3,4,39,81,sectionals,2016
A373,12,5,4,4,6,4,3,5,5,3,39,8,6,5,3,5,5,4,4,5,45,84,sectionals,2016
A374,11,6,5,5,5,7,3,5,4,3,43,4,6,4,6,5,4,5,4,4,42,85,sectionals,2016
A375,12,7,6,4,5,4,5,5,6,3,45,4,6,5,4,5,6,4,3,5,42,87,sectionals,2016
A376,11,6,5,4,5,4,5,6,6,4,45,5,6,5,4,6,5,5,5,4,45,90,sectionals,2016
A377,12,6,5,4,5,5,3,5,5,4,42,6,6,5,4,5,7,5,4,6,48,90,sectionals,2016
A378,11,6,7,5,6,5,3,7,5,5,49,5,6,4,4,6,5,5,4,4,43,92,sectionals,2016
A379,12,9,4,5,6,6,4,6,4,4,48,5,6,6,3,6,7,5,4,5,47,95,sectionals,2016
A380,12,9,5,5,5,5,4,5,6,4,48,5,8,4,5,6,5,6,4,5,48,96,sectionals,2016
A381,12,6,6,5,7,4,3,7,3,4,45,6,6,7,5,6,5,6,6,5,52,97,sectionals,2016
A382,12,8,6,7,7,5,5,6,6,4,54,9,7,5,3,6,6,5,6,8,55,109,sectionals,2016
A383,12,7,5,5,6,5,6,12,5,5,56,6,8,7,5,7,7,7,5,6,58,114,sectionals,2016
A384,12,5,5,5,6,4,3,6,8,4,46,4,6,4,6,7,6,6,5,4,48,94,regionals,2017
A385,12,7,7,4,7,5,6,7,5,5,53,4,5,4,3,5,5,4,5,4,39,92,regionals,2017
A386,11,8,5,6,7,5,5,5,5,3,49,7,6,5,5,7,7,5,6,6,54,103,regionals,2017
A387,12,6,5,5,6,6,5,5,5,4,47,4,6,5,6,7,6,6,3,7,50,97,regionals,2017
A388,12,4,5,4,6,4,3,5,5,3,39,4,5,5,3,6,5,4,4,4,40,79,regionals,2017
A389,10,6,9,5,6,4,6,6,10,5,57,6,9,6,3,8,5,5,4,5,51,108,regionals,2017
A390,11,8,6,5,6,6,5,6,5,4,51,5,7,8,4,7,5,7,6,6,55,106,regionals,2017
A391,11,13,7,6,8,7,6,8,6,4,65,8,8,8,4,9,7,7,6,7,64,129,regionals,2017
A392,9,5,6,5,7,6,4,6,10,4,53,5,10,6,5,7,7,5,4,5,54,107,regionals,2017
A393,12,6,6,4,5,5,3,5,4,3,41,4,5,5,3,5,5,4,2,6,39,80,regionals,2017
A394,12,6,4,5,8,5,5,5,4,4,46,5,6,6,3,7,6,5,3,5,46,92,regionals,2017
A395,12,6,7,5,8,6,5,5,7,3,52,5,6,5,7,8,5,6,6,5,53,105,regionals,2017
A396,12,7,6,7,6,7,5,8,6,3,55,6,8,6,3,7,5,5,4,6,50,105,regionals,2017
A397,11,5,6,6,6,7,3,5,8,6,52,8,6,8,3,7,7,7,4,7,57,109,regionals,2017
A398,11,4,3,5,5,4,3,4,4,3,35,4,5,5,4,5,6,4,2,5,40,75,regionals,2017
A399,10,7,5,6,6,6,4,5,5,6,50,6,6,5,4,6,6,5,4,6,48,98,regionals,2017
A400,9,7,5,5,5,5,4,5,6,6,48,10,6,8,4,6,5,8,5,7,59,107,regionals,2017
A401,10,8,5,8,8,6,5,5,9,7,61,7,7,6,4,8,8,6,5,6,57,118,regionals,2017
A402,11,5,4,4,5,4,4,4,6,5,41,4,5,5,4,6,5,5,5,5,44,85,regionals,2017
A403,12,7,5,5,6,5,4,5,4,5,46,5,6,5,4,8,5,4,3,5,45,91,regionals,2017
A404,11,6,6,5,6,4,4,5,4,8,48,6,7,6,4,7,5,4,4,5,48,96,regionals,2017
A405,11,7,7,4,6,8,5,4,6,6,53,6,6,5,6,6,4,5,4,8,50,103,regionals,2017
A406,11,6,5,6,6,7,7,5,8,5,55,7,10,8,4,8,6,5,5,6,59,114,regionals,2017
A407,12,9,4,5,10,5,4,5,6,4,52,7,6,6,4,8,5,6,4,5,51,103,regionals,2017
A408,11,8,5,7,6,8,5,6,9,6,60,8,10,6,6,21,8,6,3,6,74,134,regionals,2017
A409,10,11,5,7,6,5,5,6,6,5,56,6,6,6,4,8,6,6,5,7,54,110,regionals,2017
A410,10,12,9,7,8,6,6,8,7,5,68,7,7,6,4,8,8,6,4,9,59,127,regionals,2017
A411,12,5,5,4,5,4,5,8,4,5,45,5,6,4,4,7,5,5,4,4,44,89,regionals,2017
A412,12,6,4,4,6,4,4,5,5,5,43,6,5,5,3,6,5,4,2,5,41,84,regionals,2017
A413,12,8,8,9,6,8,4,6,8,5,62,6,9,6,6,8,6,8,4,5,58,120,regionals,2017
A414,11,8,5,5,6,5,6,8,6,4,53,5,6,6,4,7,5,6,5,7,51,104,regionals,2017
A415,9,18,9,8,6,6,7,12,9,8,83,11,10,7,5,9,7,10,5,8,72,155,regionals,2017
A416,12,5,5,6,5,5,4,5,5,3,43,4,5,5,6,5,4,6,4,5,44,87,regionals,2017
A417,11,6,3,5,6,5,4,4,4,5,42,5,6,5,4,5,4,5,4,5,43,85,regionals,2017
A418,11,8,5,5,7,6,5,6,6,3,51,5,6,4,6,6,6,5,4,6,48,99,regionals,2017
A419,10,7,4,5,7,5,4,5,4,3,44,5,6,6,4,7,5,5,3,5,46,90,regionals,2017
A420,10,5,6,4,6,5,5,5,6,4,46,4,6,6,4,7,4,4,3,6,44,90,regionals,2017
A421,10,7,4,5,6,5,4,5,5,4,45,5,8,4,4,7,4,6,2,4,44,89,regionals,2017
A422,12,5,5,5,5,5,4,5,7,5,46,4,6,4,3,6,4,5,4,6,42,88,regionals,2017
A423,11,6,6,7,7,8,4,7,4,6,55,4,7,6,5,7,5,6,3,5,48,103,regionals,2017
A424,9,7,6,4,6,6,4,6,4,4,47,7,5,6,5,6,6,7,5,6,53,100,regionals,2017
A425,9,5,6,6,6,7,3,5,8,6,52,8,6,8,3,7,7,7,4,7,57,109,regionals,2017
A426,12,8,6,5,5,5,4,4,4,3,44,5,8,5,4,6,4,6,4,6,48,92,sectionals,2018
A427,11,11,5,6,7,7,5,10,5,3,59,5,5,10,5,6,5,6,4,6,52,111,sectionals,2018
A428,12,6,5,6,6,6,5,5,6,5,50,5,5,8,4,9,5,5,3,5,50,100,sectionals,2018
A429,9,7,7,6,11,7,7,7,4,5,61,5,8,6,5,9,5,9,6,6,59,120,sectionals,2018
A430,11,8,10,9,9,8,7,10,11,4,76,9,11,9,5,10,8,7,5,11,75,151,sectionals,2018
A431,11,7,6,3,5,5,4,4,6,4,44,4,6,7,2,3,6,4,6,8,46,90,sectionals,2018
A432,10,7,5,9,5,5,4,6,5,4,50,5,7,6,5,7,5,6,3,7,51,101,sectionals,2018
A433,10,10,6,5,5,5,5,9,5,6,56,4,6,8,4,6,6,6,3,6,49,105,sectionals,2018
A434,10,9,6,10,7,5,4,5,5,3,54,6,8,9,5,6,5,6,6,5,56,110,sectionals,2018
A435,11,8,7,6,7,5,4,7,6,4,54,5,7,6,4,8,5,7,4,4,50,104,sectionals,2018
A436,12,7,9,5,8,6,4,10,7,4,60,7,8,6,4,6,5,7,4,8,55,115,sectionals,2018
A437,11,8,7,7,8,6,8,5,5,5,59,6,7,8,4,8,5,5,5,5,53,112,sectionals,2018
A438,11,10,7,4,5,5,4,4,5,5,49,7,7,5,3,6,6,5,5,4,48,97,sectionals,2018
A439,12,10,6,8,7,10,5,13,5,6,70,7,8,7,5,10,7,8,6,7,65,135,sectionals,2018
A440,12,5,5,5,6,4,3,5,4,3,40,6,4,5,3,5,5,4,4,4,40,80,sectionals,2018
A441,12,9,6,5,5,5,4,8,6,12,60,6,6,6,4,8,6,6,5,5,52,112,sectionals,2018
A442,11,6,5,9,5,4,3,5,5,6,48,3,5,5,4,7,7,6,4,5,46,94,sectionals,2018
A443,10,9,6,5,4,6,6,8,7,4,55,6,7,6,4,7,7,8,6,8,59,114,sectionals,2018
A444,12,7,6,6,7,7,4,6,6,7,56,6,7,7,6,6,9,6,6,5,58,114,sectionals,2018
A445,10,8,5,5,5,5,3,9,5,5,50,5,7,4,4,4,6,6,4,4,44,94,sectionals,2018
A446,11,6,5,6,5,6,4,6,6,3,47,6,6,5,4,6,6,6,5,6,50,97,sectionals,2018
A447,12,7,5,5,6,5,4,8,6,7,53,8,6,5,5,6,5,6,3,6,50,103,sectionals,2018
A448,12,8,6,8,7,7,4,7,7,3,57,9,8,8,5,8,6,6,5,7,62,119,sectionals,2018
A449,12,8,6,5,7,6,5,7,6,5,55,5,8,7,5,7,7,6,6,7,58,113,sectionals,2018
A450,12,6,6,6,7,4,6,6,5,3,49,5,5,5,3,7,6,4,3,7,45,94,sectionals,2018
A451,12,8,5,6,6,6,5,6,6,7,55,7,6,7,7,8,8,6,9,7,65,120,sectionals,2018
A452,11,10,4,5,5,7,5,5,5,5,51,6,6,5,3,7,6,4,4,6,47,98,sectionals,2018
A453,11,5,6,4,6,5,5,5,4,4,44,7,6,6,3,6,5,5,4,6,48,92,sectionals,2018
A454,10,8,5,6,7,6,7,5,6,6,56,8,6,6,5,6,6,6,6,6,55,111,sectionals,2018
A455,12,7,4,5,4,4,4,4,5,3,40,4,6,5,3,5,4,4,3,5,39,79,sectionals,2018
A456,12,6,6,6,5,5,5,4,5,5,47,9,5,5,5,6,6,5,4,5,50,97,sectionals,2018
A457,12,5,5,6,5,5,4,4,6,4,44,5,5,5,4,5,5,5,4,7,45,89,sectionals,2018
A458,12,7,7,6,6,6,4,6,5,4,51,7,7,6,6,7,5,5,4,6,53,104,sectionals,2018
A459,10,7,6,5,6,6,4,7,6,3,50,6,6,6,5,7,5,5,4,6,50,100,sectionals,2018
A460,12,8,6,5,5,4,3,4,5,3,43,4,7,4,4,6,5,4,4,5,43,86,sectionals,2018
A461,10,7,5,4,7,6,3,5,4,5,46,5,6,7,3,8,5,5,4,5,48,94,sectionals,2018
A462,11,5,5,5,6,5,5,5,6,4,46,5,6,8,5,6,6,5,3,5,49,95,sectionals,2018
A463,12,8,6,8,4,5,5,5,6,3,50,6,5,5,5,6,5,5,2,6,45,95,sectionals,2018
A464,11,6,4,5,4,5,3,4,5,4,40,6,5,4,4,5,4,4,3,4,39,79,sectionals,2018
A465,12,5,6,4,5,5,3,6,4,4,42,4,4,6,4,5,3,5,4,4,39,81,sectionals,2018
A466,12,7,6,5,6,4,4,8,6,5,51,5,6,6,4,5,6,6,4,5,47,98,sectionals,2018
A467,10,9,8,8,8,5,6,7,8,6,65,6,6,6,8,5,5,4,4,7,51,116,sectionals,2018
A468,12,6,5,7,6,6,6,5,4,5,50,5,7,4,8,6,5,7,4,5,51,101,sectionals,2018
A469,11,4,5,6,4,5,3,5,5,4,41,5,5,5,5,7,6,4,3,6,46,87,sectionals,2018
A470,12,6,4,5,5,5,4,5,6,4,44,6,4,8,3,6,5,5,3,5,45,89,sectionals,2018
A471,12,5,5,4,4,3,4,7,3,3,38,5,5,6,4,5,5,5,5,5,45,83,sectionals,2018
A472,11,7,5,5,4,5,3,5,5,4,43,5,5,5,4,6,4,5,3,4,41,84,sectionals,2018
A473,11,5,5,5,7,4,4,6,5,4,45,5,7,5,3,7,6,5,4,4,46,91,sectionals,2018
A474,12,6,4,4,4,5,3,5,4,3,38,3,4,4,3,5,4,4,4,4,35,73,sectionals,2018
A475,9,5,4,5,4,5,3,3,4,3,36,4,5,4,4,5,5,4,2,5,38,74,sectionals,2018
A476,11,6,5,4,6,5,3,5,5,4,43,7,5,5,3,6,5,5,4,5,45,88,sectionals,2018
A477,11,9,4,9,11,6,5,5,8,6,63,6,8,6,5,7,5,6,6,5,54,117,sectionals,2018
A478,10,7,7,7,6,6,4,5,4,6,52,4,6,6,5,6,7,6,6,4,50,102,sectionals,2018
A479,11,8,4,4,5,4,3,4,6,4,42,3,5,6,3,6,5,5,3,8,44,86,sectionals,2018
A480,9,7,4,5,6,6,4,5,4,4,45,7,7,5,4,6,5,4,3,4,45,90,sectionals,2018
A481,12,5,5,5,5,5,3,7,6,5,46,5,6,5,4,6,5,6,3,5,45,91,sectionals,2018
A482,12,6,3,5,5,5,5,5,5,3,42,6,6,6,4,7,5,6,5,5,50,92,sectionals,2018
A483,12,8,6,5,5,6,3,6,5,5,49,6,7,6,4,5,4,5,4,5,46,95,sectionals,2018
A484,11,6,5,7,6,5,4,6,7,3,49,5,6,5,4,6,5,6,3,5,48,97,sectionals,2018
A485,12,11,7,5,6,4,5,4,6,4,52,4,6,5,4,6,5,6,3,7,46,98,sectionals,2018
A486,12,9,5,5,6,5,6,7,5,4,52,5,7,5,3,8,6,6,3,4,47,99,sectionals,2018
A487,11,6,6,6,4,5,5,9,5,4,50,5,8,5,5,8,6,5,4,5,51,101,sectionals,2018
A488,9,8,9,5,5,5,6,7,6,4,55,5,4,7,4,8,7,6,5,6,52,107,sectionals,2018
A489,11,8,7,6,7,6,5,7,7,5,58,5,8,6,5,7,5,4,5,6,51,109,sectionals,2018
A490,10,4,6,5,6,6,7,7,5,7,53,8,7,5,5,7,6,6,6,7,57,110,sectionals,2018
A491,12,7,4,5,7,5,4,8,9,5,54,7,8,8,6,6,4,6,7,6,58,112,sectionals,2018
A492,9,7,6,12,8,6,6,6,7,4,62,7,8,6,5,7,6,6,5,5,55,117,sectionals,2018
A493,12,9,7,7,7,9,5,7,8,10,69,8,8,7,6,9,6,12,6,8,70,139,sectionals,2018
